{"cameraMode":{"drawMode":0,"name":"Shaded","section":"Shading Mode"},"sceneLighting":true,"audioPlay":false,"sceneViewState":{"m_AlwaysRefresh":false,"showFog":true,"showSkybox":true,"showFlares":true,"showImageEffects":true,"showParticleSystems":true,"showVisualEffectGraphs":true,"m_FxEnabled":true},"in2DMode":false,"pivot":{"x":0.44425007700920107,"y":-15.398958206176758,"z":21.025100708007814},"rotation":{"x":-0.45936915278434756,"y":-0.00879612099379301,"z":0.004549281671643257,"w":-0.8881906270980835},"size":12.786754608154297,"orthographic":false}